chat_id,order_id,channel,contact_reason,wait_time,chat_created_at,chat_updated_at,order_date,quantity,unit_price,csat_score,product_category
CHT5000,ORD1206,phone,delayed_delivery,362,2026-03-19 18:43:18.649098,2026-03-19 19:11:18.649098,,,,,
CHT5001,ORD1327,live chat,bought_by_mistake,178,2026-02-06 01:18:20.036319,2026-02-06 01:51:20.036319,,,,,
CHT5002,ORD1974,phone,bought_by_mistake,270,2026-03-09 17:07:03.682346,2026-03-09 17:44:03.682346,,,,,
CHT5003,ORD1224,live chat,delayed_delivery,138,2026-03-09 07:18:47.807003,2026-03-09 07:57:47.807003,,,,,
CHT5004,ORD1337,live chat,order_not_received,133,2026-03-02 21:57:58.635386,2026-03-02 22:45:58.635386,,,,,
CHT5005,ORD1596,live chat,wrong_order,516,2026-03-11 22:27:13.712895,2026-03-11 22:51:13.712895,,,,,
CHT5006,ORD1288,phone,order_not_received,508,2026-03-29 01:58:49.791766,2026-03-29 02:38:49.791766,,,,,
CHT5007,ORD1712,phone,order_not_received,317,2026-03-31 22:20:46.563881,2026-03-31 23:47:46.563881,,,,,
CHT5008,ORD1839,email,incorrect_charge,168,2026-03-30 16:48:50.590511,2026-03-30 18:28:50.590511,,,,,
CHT5009,ORD1984,phone,damaged_item,313,2026-04-22 22:11:29.997599,2026-04-22 22:16:29.997599,,,,,
CHT5010,ORD1518,email,delayed_delivery,73,2026-04-15 04:21:04.982496,2026-04-15 04:47:04.982496,,,,,
CHT5011,ORD1590,email,damaged_item,49,2026-03-22 17:20:29.863033,2026-03-22 18:40:29.863033,,,,,
CHT5012,ORD1485,email,damaged_item,198,2026-04-25 07:39:55.184250,2026-04-25 08:08:55.184250,,,,,
CHT5013,ORD1183,email,order_not_received,526,2026-03-14 15:11:20.496226,2026-03-14 15:18:20.496226,,,,,
CHT5014,ORD1891,phone,delayed_delivery,451,2026-02-10 13:57:30.872345,2026-02-10 14:22:30.872345,,,,,
CHT5015,ORD1672,email,wrong_order,402,2026-03-13 00:17:08.374377,2026-03-13 00:58:08.374377,,,,,
CHT5016,ORD1468,email,order_not_received,259,2026-03-28 16:31:49.095893,2026-03-28 16:59:49.095893,,,,,
CHT5017,ORD1478,email,incorrect_charge,534,2026-03-04 04:22:24.062196,2026-03-04 05:30:24.062196,,,,,
CHT5018,ORD1976,email,incorrect_charge,158,2026-02-18 21:26:26.550944,2026-02-18 22:54:26.550944,,,,,
CHT5019,ORD1824,email,order_not_received,303,2026-04-05 11:44:18.542938,2026-04-05 13:17:18.542938,,,,,
CHT5020,ORD1376,live chat,damaged_item,82,2026-02-27 04:24:48.173624,2026-02-27 05:21:48.173624,,,,,
CHT5021,ORD1035,live chat,delayed_delivery,464,2026-04-06 09:16:32.569838,2026-04-06 09:47:32.569838,,,,,
CHT5022,ORD1334,email,delayed_delivery,452,2026-01-31 11:59:06.918492,2026-01-31 13:59:06.918492,,,,,
CHT5023,ORD1948,email,order_not_received,214,2026-03-01 11:32:03.604022,2026-03-01 12:45:03.604022,,,,,
CHT5024,ORD1334,phone,delayed_delivery,496,2026-02-20 04:09:35.039796,2026-02-20 05:59:35.039796,,,,,
CHT5025,ORD1116,live chat,damaged_item,465,2026-03-22 14:06:27.577108,2026-03-22 14:35:27.577108,,,,,
CHT5026,ORD1031,email,damaged_item,313,2026-04-20 02:56:42.664081,2026-04-20 03:21:42.664081,,,,,
CHT5027,ORD1038,email,delayed_delivery,502,2026-04-08 20:50:10.325835,2026-04-08 22:40:10.325835,,,,,
CHT5028,ORD1145,phone,incorrect_charge,130,2026-04-06 23:23:53.552451,2026-04-06 23:58:53.552451,,,,,
CHT5029,ORD1853,email,incorrect_charge,235,2026-02-21 17:57:46.244284,2026-02-21 18:03:46.244284,,,,,
CHT5030,ORD1886,email,wrong_order,593,2026-03-26 23:01:46.284802,2026-03-27 00:14:46.284802,,,,,
CHT5031,ORD1427,live chat,bought_by_mistake,100,2026-03-28 07:21:06.407441,2026-03-28 08:45:06.407441,,,,,
CHT5032,ORD1271,phone,incorrect_charge,578,2026-03-13 01:36:35.187021,2026-03-13 03:18:35.187021,,,,,
CHT5033,ORD1844,email,order_not_received,387,2026-04-08 11:58:19.628068,2026-04-08 13:06:19.628068,,,,,
CHT5034,ORD1785,phone,wrong_order,52,2026-04-10 10:31:12.542077,2026-04-10 12:11:12.542077,,,,,
CHT5035,ORD1859,email,delayed_delivery,267,2026-03-16 01:36:59.816446,2026-03-16 01:56:59.816446,,,-43.98919606263534,,
CHT5036,ORD1962,phone,wrong_order,517,2026-03-04 11:40:44.897689,2026-03-04 13:12:44.897689,,,,,
CHT5037,ORD1050,phone,delayed_delivery,535,2026-01-27 01:58:10.525173,2026-01-27 03:16:10.525173,,,,,
CHT5038,ORD1858,live chat,incorrect_charge,528,2026-02-23 21:04:01.857780,2026-02-23 22:21:01.857780,,,,,
CHT5039,ORD1207,email,damaged_item,408,2026-03-11 04:24:04.758013,2026-03-11 04:40:04.758013,,,,,
CHT5040,ORD1533,phone,wrong_order,295,2026-04-08 13:28:10.109684,2026-04-08 14:34:10.109684,,,,,
CHT5041,ORD1857,live chat,wrong_order,405,2026-04-15 22:00:47.728766,2026-04-15 23:58:47.728766,,,,,
CHT5042,ORD1511,phone,damaged_item,258,2026-02-15 18:20:43.553953,2026-02-15 18:28:43.553953,,,,6.0,
CHT5043,ORD1930,email,delayed_delivery,270,2026-02-02 17:30:22.095923,2026-02-02 17:43:22.095923,,,,,
CHT5044,ORD1848,email,delayed_delivery,235,2026-04-20 00:01:54.437641,2026-04-20 01:35:54.437641,,,,,
CHT5045,ORD1609,live chat,order_not_received,350,2026-03-19 02:57:17.611615,2026-03-19 03:56:17.611615,,,,,
CHT5046,ORD1864,email,bought_by_mistake,86,2026-03-18 05:20:02.171559,2026-03-18 06:40:02.171559,,,-28.84277263945289,0.0,
CHT5047,ORD1607,email,bought_by_mistake,90,2026-03-12 03:27:15.654153,2026-03-12 03:58:15.654153,,,,,
CHT5048,ORD1724,email,wrong_order,430,2026-03-15 22:54:37.973359,2026-03-15 23:11:37.973359,,,,,
CHT5049,ORD1164,phone,bought_by_mistake,151,2026-03-18 19:34:42.363000,2026-03-18 21:28:42.363000,,,,,
CHT5050,ORD1102,email,bought_by_mistake,562,2026-02-24 07:46:07.213351,2026-02-24 08:09:07.213351,,,,,
CHT5051,ORD1810,phone,delayed_delivery,396,2026-04-06 01:56:26.382799,2026-04-06 02:25:26.382799,,,,,
CHT5052,ORD1534,email,delayed_delivery,553,2026-03-13 19:34:26.599201,2026-03-13 19:55:26.599201,,,,,
CHT5053,ORD1200,live chat,incorrect_charge,554,2026-03-22 22:28:31.489841,2026-03-22 23:09:31.489841,,,,,
CHT5054,ORD1448,live chat,bought_by_mistake,499,2026-01-28 16:19:46.446480,2026-01-28 17:13:46.446480,,,,,
CHT5055,ORD1928,email,bought_by_mistake,265,2026-02-23 13:12:41.550563,2026-02-23 14:47:41.550563,,,,,
CHT5056,ORD1511,email,delayed_delivery,249,2026-04-20 15:00:44.015929,2026-04-20 16:27:44.015929,,,,,
CHT5057,ORD1133,phone,delayed_delivery,588,2026-04-01 11:42:43.205417,2026-04-01 12:03:43.205417,,,,,
CHT5058,ORD1044,live chat,bought_by_mistake,364,2026-04-03 16:24:11.218208,2026-04-03 17:05:11.218208,,,,,
CHT5059,ORD1711,phone,wrong_order,230,2026-04-02 06:45:23.480097,2026-04-02 08:14:23.480097,,,,,
CHT5060,ORD1741,live chat,order_not_received,323,2026-04-12 23:36:51.570266,2026-04-13 01:08:51.570266,,,,,
CHT5061,ORD1397,email,order_not_received,468,2026-01-31 14:53:55.947015,2026-01-31 15:36:55.947015,,,,,
CHT5062,ORD1334,phone,damaged_item,215,2026-03-12 10:53:28.512695,2026-03-12 12:22:28.512695,,,,,
CHT5063,ORD1403,email,damaged_item,441,2026-04-09 05:54:52.812847,2026-04-09 07:33:52.812847,,,,,
CHT5064,ORD1886,email,order_not_received,554,2026-03-04 22:40:21.714147,2026-03-04 23:46:21.714147,,,,,
CHT5065,ORD1986,phone,order_not_received,553,2026-03-14 02:36:59.795034,2026-03-14 02:43:59.795034,,,,,
CHT5066,ORD1968,email,bought_by_mistake,39,2026-03-15 10:58:44.975409,2026-03-15 12:45:44.975409,,,,,
CHT5067,ORD1465,email,damaged_item,127,2026-04-20 15:52:32.896981,2026-04-20 17:33:32.896981,,,,,
CHT5068,ORD1381,phone,order_not_received,49,2026-04-03 23:01:52.778625,2026-04-04 00:20:52.778625,,,,,
CHT5069,ORD1213,phone,delayed_delivery,361,2026-04-23 21:30:22.624012,2026-04-23 23:27:22.624012,,,,,
CHT5070,ORD1402,email,damaged_item,431,2026-04-10 13:18:35.617156,2026-04-10 14:40:35.617156,,,,,
CHT5071,ORD1022,phone,order_not_received,426,2026-02-05 21:29:10.523707,2026-02-05 23:01:10.523707,,,,,
CHT5072,ORD1786,live chat,damaged_item,237,2026-01-27 06:37:16.906813,2026-01-27 08:03:16.906813,,,,,
CHT5073,ORD1201,live chat,bought_by_mistake,420,2026-02-24 20:36:36.738131,2026-02-24 21:10:36.738131,,,,,
CHT5074,ORD1237,live chat,order_not_received,243,2026-02-01 14:07:51.006624,2026-02-01 15:54:51.006624,,,,,
CHT5075,ORD1464,email,bought_by_mistake,578,2026-04-16 09:20:51.205346,2026-04-16 09:38:51.205346,,,,,
CHT5076,ORD1572,email,order_not_received,98,2026-03-12 12:16:52.804267,2026-03-12 14:07:52.804267,,,,,
CHT5077,ORD1313,email,wrong_order,406,2026-04-21 19:51:05.653546,2026-04-21 21:11:05.653546,,,,,
CHT5078,ORD1248,phone,damaged_item,276,2026-02-07 13:18:08.435788,2026-02-07 15:13:08.435788,,,,,
CHT5079,ORD1217,email,damaged_item,67,2026-03-09 04:07:11.166337,2026-03-09 04:14:11.166337,,,,,
CHT5080,ORD1080,phone,incorrect_charge,320,2026-03-13 03:32:16.880885,2026-03-13 03:44:16.880885,,,,,
CHT5081,ORD1048,live chat,incorrect_charge,444,2026-02-03 14:20:32.431424,2026-02-03 15:16:32.431424,,,,,
CHT5082,ORD1838,live chat,incorrect_charge,560,2026-03-14 21:09:36.401632,2026-03-14 22:46:36.401632,,,,,
CHT5083,ORD1561,email,bought_by_mistake,137,2026-04-19 13:12:51.044670,2026-04-19 14:18:51.044670,,,,,
CHT5084,ORD1003,email,order_not_received,588,2026-04-04 05:43:28.504220,2026-04-04 07:22:28.504220,,,,,
CHT5085,ORD1058,live chat,wrong_order,298,2026-04-07 12:00:00.532516,2026-04-07 12:59:00.532516,,,,,
CHT5086,ORD1105,live chat,bought_by_mistake,542,2026-04-25 00:31:18.236038,2026-04-25 01:32:18.236038,,,,,
CHT5087,ORD1729,live chat,wrong_order,353,2026-03-05 00:03:38.014309,2026-03-05 01:59:38.014309,,,,,
CHT5088,ORD1784,email,bought_by_mistake,570,2026-03-08 03:25:05.038739,2026-03-08 05:01:05.038739,,,,,
CHT5089,ORD1934,phone,damaged_item,538,2026-02-04 21:19:34.800756,2026-02-04 21:30:34.800756,,,,,
CHT5090,ORD1486,phone,bought_by_mistake,427,2026-04-11 04:28:22.857486,2026-04-11 06:08:22.857486,,,,,
CHT5091,ORD1564,live chat,bought_by_mistake,492,2026-03-02 04:09:45.200177,2026-03-02 04:52:45.200177,,,,,
CHT5092,ORD1544,phone,wrong_order,232,2026-04-24 13:18:28.845429,2026-04-24 14:36:28.845429,,,,,
CHT5093,ORD1751,live chat,order_not_received,469,2026-03-20 15:17:03.717433,2026-03-20 16:04:03.717433,,,,,
CHT5094,ORD1800,live chat,incorrect_charge,26,2026-04-06 19:09:31.429460,2026-04-06 20:56:31.429460,,,,,
CHT5095,ORD1682,phone,wrong_order,87,2026-01-29 09:21:24.197668,2026-01-29 09:46:24.197668,,,,,
CHT5096,ORD1164,phone,wrong_order,536,2026-03-11 16:12:39.563976,2026-03-11 16:33:39.563976,,,,,
CHT5097,ORD1311,live chat,wrong_order,590,2026-01-31 12:00:18.760022,2026-01-31 12:52:18.760022,,,,,
CHT5098,ORD1987,live chat,wrong_order,15,2026-04-08 18:19:15.293126,2026-04-08 18:54:15.293126,,,,,
CHT5099,ORD1386,live chat,incorrect_charge,346,2026-04-13 17:18:48.849201,2026-04-13 18:29:48.849201,,,,,
CHT5100,ORD1067,email,delayed_delivery,243,2026-03-03 18:41:00.970513,2026-03-03 19:48:00.970513,,,,,
CHT5101,ORD1623,phone,wrong_order,336,2026-02-15 12:06:50.388171,2026-02-15 13:45:50.388171,,,,,
CHT5102,ORD1775,phone,incorrect_charge,170,2026-04-22 07:12:07.467905,2026-04-22 08:35:07.467905,,,,,
CHT5103,ORD1883,phone,delayed_delivery,293,2026-02-10 14:14:23.609113,2026-02-10 15:16:23.609113,,,,,
CHT5104,ORD1762,phone,wrong_order,454,2026-03-11 05:46:15.151117,2026-03-11 06:49:15.151117,,,,,
CHT5105,ORD1701,email,incorrect_charge,518,2026-04-26 14:10:06.617604,2026-04-26 14:34:06.617604,,,,,
CHT5106,ORD1584,email,incorrect_charge,38,2026-04-02 05:27:29.899574,2026-04-02 06:44:29.899574,,,,,
CHT5107,ORD1656,live chat,order_not_received,147,2026-01-26 15:36:21.779149,2026-01-26 16:09:21.779149,,,,,
CHT5108,ORD1502,phone,delayed_delivery,196,2026-03-10 05:36:27.356794,2026-03-10 05:43:27.356794,2026-05-26 15:20:07.195020,,,,
CHT5109,ORD1764,phone,delayed_delivery,67,2026-04-19 22:48:02.418223,2026-04-19 23:38:02.418223,,,,,
CHT5110,ORD1625,phone,delayed_delivery,204,2026-02-08 10:22:10.552136,2026-02-08 10:32:10.552136,,,,,
CHT5111,ORD1827,live chat,delayed_delivery,235,2026-02-06 15:46:39.709475,2026-02-06 16:39:39.709475,,,,,
CHT5112,ORD1281,phone,incorrect_charge,124,2026-03-18 12:16:32.455894,2026-03-18 13:49:32.455894,,,,,
CHT5113,ORD1782,phone,bought_by_mistake,93,2026-04-22 00:27:40.486902,2026-04-22 01:15:40.486902,,,,,
CHT5114,ORD1183,live chat,order_not_received,457,2026-03-16 10:40:50.557315,2026-03-16 11:37:50.557315,,,,,
CHT5115,ORD1626,phone,wrong_order,281,2026-04-03 16:04:59.014477,2026-04-03 16:40:59.014477,,,,,
CHT5116,ORD1598,live chat,order_not_received,271,2026-02-21 16:13:37.729590,2026-02-21 16:52:37.729590,,,,,
CHT5117,ORD1389,email,incorrect_charge,312,2026-01-27 14:51:48.709159,2026-01-27 15:55:48.709159,,,,,
CHT5118,ORD1289,phone,delayed_delivery,332,2026-03-31 03:28:15.351496,2026-03-31 04:24:15.351496,,,,,
CHT5119,ORD1736,live chat,incorrect_charge,490,2026-02-15 09:17:23.969581,2026-02-15 10:36:23.969581,,,,,
CHT5120,ORD1660,phone,wrong_order,499,2026-04-14 12:17:24.696562,2026-04-14 12:55:24.696562,,,,,
CHT5121,ORD1413,live chat,incorrect_charge,260,2026-03-14 20:37:20.985688,2026-03-14 20:56:20.985688,,,,,
CHT5122,ORD1971,live chat,damaged_item,153,2026-04-18 12:49:01.147170,2026-04-18 13:36:01.147170,,,,,
CHT5123,ORD1409,live chat,delayed_delivery,344,2026-03-29 05:52:25.412444,2026-03-29 07:24:25.412444,,,,,
CHT5124,ORD1800,email,damaged_item,489,2026-04-20 10:45:18.591267,2026-04-20 12:36:18.591267,,,,,
CHT5125,ORD1046,phone,delayed_delivery,19,2026-03-21 12:08:43.511019,2026-03-21 12:49:43.511019,2026-05-26 15:20:07.193459,,,,
CHT5126,ORD1138,email,bought_by_mistake,565,2026-04-13 16:27:41.088704,2026-04-13 16:32:41.088704,,,,,
CHT5127,ORD1700,email,wrong_order,466,2026-03-19 01:06:36.221991,2026-03-19 02:02:36.221991,,,,,
CHT5128,ORD1600,phone,incorrect_charge,263,2026-02-16 09:35:34.508436,2026-02-16 11:17:34.508436,,,,,
CHT5129,ORD1916,phone,delayed_delivery,374,2026-03-27 21:06:55.806922,2026-03-27 22:39:55.806922,,,,,
CHT5130,ORD1427,email,delayed_delivery,471,2026-04-19 01:01:39.281735,2026-04-19 01:38:39.281735,,,,,
CHT5131,ORD1635,email,incorrect_charge,97,2026-04-18 08:12:48.891763,2026-04-18 09:03:48.891763,,,,,
CHT5132,ORD1925,phone,damaged_item,501,2026-03-11 21:38:47.549994,2026-03-11 23:09:47.549994,,,,,
CHT5133,ORD1249,phone,wrong_order,131,2026-03-13 03:55:10.959860,2026-03-13 05:15:10.959860,,,,,
CHT5134,ORD1530,live chat,order_not_received,383,2026-04-14 05:49:46.582652,2026-04-14 06:31:46.582652,,,,,
CHT5135,ORD1129,phone,wrong_order,474,2026-02-18 04:17:13.849929,2026-02-18 04:56:13.849929,,,,,
CHT5136,ORD1122,phone,delayed_delivery,589,2026-03-05 05:05:53.966214,2026-03-05 06:37:53.966214,,,,0.0,
CHT5137,ORD1453,email,bought_by_mistake,431,2026-03-20 13:09:53.551526,2026-03-20 13:55:53.551526,,,,,
CHT5138,ORD1582,email,incorrect_charge,249,2026-03-26 12:41:00.778095,2026-03-26 13:45:00.778095,,,,,
CHT5139,ORD1391,phone,damaged_item,339,2026-02-19 01:54:03.522187,2026-02-19 03:19:03.522187,,,,,
CHT5140,ORD1648,live chat,bought_by_mistake,458,2026-03-16 12:56:10.547782,2026-03-16 14:54:10.547782,,,,,
CHT5141,ORD1520,email,order_not_received,487,2026-02-10 20:36:30.889707,2026-02-10 21:52:30.889707,,,,,
CHT5142,ORD1049,email,bought_by_mistake,359,2026-03-22 16:47:33.151657,2026-03-22 17:03:33.151657,,,,,
CHT5143,ORD1119,phone,bought_by_mistake,45,2026-02-04 16:14:11.352993,2026-02-04 17:24:11.352993,,,,,
CHT5144,ORD1360,live chat,damaged_item,177,2026-03-21 01:36:09.219079,2026-03-21 01:58:09.219079,,,,,
CHT5145,ORD1675,phone,bought_by_mistake,63,2026-02-10 07:42:15.186263,2026-02-10 08:17:15.186263,,,,,
CHT5146,ORD1676,live chat,delayed_delivery,325,2026-03-17 17:30:40.241776,2026-03-17 18:36:40.241776,,,,,
CHT5147,ORD1842,phone,wrong_order,207,2026-03-25 03:18:06.926152,2026-03-25 03:55:06.926152,,,,,
CHT5148,ORD1657,phone,bought_by_mistake,155,2026-02-01 09:44:00.461471,2026-02-01 10:52:00.461471,,,,,
CHT5149,ORD1610,phone,order_not_received,21,2026-02-24 09:17:16.674206,2026-02-24 10:24:16.674206,,,,,
CHT5150,ORD1645,live chat,delayed_delivery,408,2026-02-27 11:51:22.894309,2026-02-27 12:50:22.894309,,,,,
CHT5151,ORD1927,live chat,delayed_delivery,569,2026-04-25 14:24:26.766719,2026-04-25 15:20:26.766719,,,,,
CHT5152,ORD1865,live chat,incorrect_charge,170,2026-04-17 10:13:10.715938,2026-04-17 10:18:10.715938,,,,,
CHT5153,ORD1487,live chat,bought_by_mistake,335,2026-02-27 06:59:28.908996,2026-02-27 08:53:28.908996,,,,,
CHT5154,ORD1239,email,order_not_received,526,2026-02-23 15:17:19.692005,2026-02-23 16:36:19.692005,,,,,
CHT5155,ORD1145,email,wrong_order,133,2026-03-07 18:29:03.099556,2026-03-07 19:41:03.099556,,,,,
CHT5156,ORD1879,email,damaged_item,468,2026-04-26 11:05:59.492469,2026-04-26 12:43:59.492469,,,,,
CHT5157,ORD1394,email,damaged_item,521,2026-04-20 15:00:36.148696,2026-04-20 15:30:36.148696,2026-05-26 15:20:07.194970,,,,
CHT5158,ORD1781,phone,incorrect_charge,563,2026-02-25 00:30:48.258897,2026-02-25 01:06:48.258897,,,,,
CHT5159,ORD1014,phone,bought_by_mistake,515,2026-02-19 00:31:17.089996,2026-02-19 02:03:17.089996,,,,,
CHT5160,ORD1958,phone,delayed_delivery,327,2026-03-19 11:44:31.931031,2026-03-19 12:54:31.931031,,,,,
CHT5161,ORD1944,phone,incorrect_charge,285,2026-04-20 00:59:13.769264,2026-04-20 02:47:13.769264,,,,,
CHT5162,ORD1941,live chat,bought_by_mistake,279,2026-03-31 20:42:12.867033,2026-03-31 21:18:12.867033,,,,,
CHT5163,ORD1119,email,bought_by_mistake,112,2026-04-08 18:58:14.570949,2026-04-08 19:49:14.570949,,,,,
CHT5164,ORD1316,live chat,incorrect_charge,200,2026-04-23 18:51:19.826504,2026-04-23 19:19:19.826504,,,,,
CHT5165,ORD1698,phone,damaged_item,59,2026-04-14 12:00:39.504497,2026-04-14 12:44:39.504497,,,,,
CHT5166,ORD1416,email,order_not_received,304,2026-02-09 07:13:11.182442,2026-02-09 08:09:11.182442,,,,,
CHT5167,ORD1700,email,incorrect_charge,529,2026-02-07 05:49:08.527546,2026-02-07 06:32:08.527546,,,,,
CHT5168,ORD1026,phone,incorrect_charge,159,2026-04-05 11:38:10.342892,2026-04-05 12:41:10.342892,,,,,
CHT5169,ORD1838,email,damaged_item,97,2026-02-23 20:01:54.413452,2026-02-23 21:05:54.413452,,,,,
CHT5170,ORD1287,phone,incorrect_charge,178,2026-03-01 13:43:14.280724,2026-03-01 14:46:14.280724,,,,,
CHT5171,ORD1342,email,wrong_order,476,2026-02-17 23:44:46.549147,2026-02-18 01:24:46.549147,,,,,
CHT5172,ORD1818,email,damaged_item,316,2026-01-28 07:03:40.904810,2026-01-28 08:35:40.904810,,,,,
CHT5173,ORD1996,email,incorrect_charge,437,2026-04-19 14:41:40.491397,2026-04-19 14:51:40.491397,,-85.31015138424614,,,
CHT5174,ORD1782,live chat,order_not_received,11,2026-04-25 16:38:52.412730,2026-04-25 17:49:52.412730,,,,,
CHT5175,ORD1016,phone,delayed_delivery,417,2026-02-21 11:48:13.041214,2026-02-21 13:39:13.041214,,,,,
CHT5176,ORD1395,phone,wrong_order,126,2026-03-16 17:38:14.207489,2026-03-16 18:09:14.207489,,,,,
CHT5177,ORD1416,email,incorrect_charge,107,2026-02-10 06:08:03.757499,2026-02-10 07:13:03.757499,,,,,
CHT5178,ORD1637,live chat,delayed_delivery,524,2026-04-06 03:30:11.708611,2026-04-06 04:55:11.708611,,,,,
CHT5179,ORD1506,email,delayed_delivery,557,2026-03-15 01:29:14.219372,2026-03-15 02:22:14.219372,,,,,
CHT5180,ORD1976,live chat,wrong_order,15,2026-04-19 18:34:26.026219,2026-04-19 19:20:26.026219,,,,,
CHT5181,ORD1379,live chat,bought_by_mistake,545,2026-02-15 04:01:56.430018,2026-02-15 05:28:56.430018,,,,,
CHT5182,ORD1887,email,wrong_order,448,2026-01-31 21:50:48.798685,2026-01-31 22:38:48.798685,,,,,
CHT5183,ORD1016,phone,wrong_order,555,2026-04-06 09:40:53.779155,2026-04-06 10:39:53.779155,,,,,
CHT5184,ORD1873,phone,delayed_delivery,295,2026-02-04 00:22:24.741587,2026-02-04 02:12:24.741587,,,,,
CHT5185,ORD1725,phone,bought_by_mistake,334,2026-02-18 15:25:09.807393,2026-02-18 16:50:09.807393,,,,,
CHT5186,ORD1711,phone,incorrect_charge,270,2026-04-23 21:58:42.698897,2026-04-23 22:33:42.698897,,,,,
CHT5187,ORD1739,phone,incorrect_charge,346,2026-02-26 02:44:35.526790,2026-02-26 03:52:35.526790,,,,,
CHT5188,ORD1188,email,wrong_order,41,2026-04-06 01:46:57.805937,2026-04-06 02:47:57.805937,,,,,
CHT5189,ORD1455,phone,delayed_delivery,468,2026-03-04 20:16:11.264416,2026-03-04 20:42:11.264416,,,,,
CHT5190,ORD1275,phone,order_not_received,57,2026-02-18 15:22:39.084329,2026-02-18 16:40:39.084329,,,,,
CHT5191,ORD1900,email,wrong_order,250,2026-01-31 20:33:15.314166,2026-01-31 21:29:15.314166,,,,,
CHT5192,ORD1788,phone,bought_by_mistake,483,2026-01-27 17:29:57.808618,2026-01-27 17:54:57.808618,,,,,
CHT5193,ORD1539,email,delayed_delivery,274,2026-03-06 22:14:21.943098,2026-03-06 23:24:21.943098,,,,,
CHT5194,ORD1252,phone,bought_by_mistake,204,2026-03-14 20:04:11.385315,2026-03-14 21:40:11.385315,,,,,
CHT5195,ORD1552,phone,damaged_item,507,2026-04-08 21:19:48.223410,2026-04-08 22:50:48.223410,,,,,
CHT5196,ORD1384,phone,wrong_order,483,2026-02-22 09:02:17.053886,2026-02-22 09:35:17.053886,,,,2.0,
CHT5197,ORD1970,email,delayed_delivery,390,2026-03-01 21:06:32.118652,2026-03-01 22:47:32.118652,,,,,
CHT5198,ORD1213,live chat,wrong_order,172,2026-02-04 18:40:19.801666,2026-02-04 18:48:19.801666,,,,,
CHT5199,ORD1944,live chat,wrong_order,140,2026-03-06 19:30:25.851659,2026-03-06 20:26:25.851659,,,,,
CHT5200,ORD1799,live chat,bought_by_mistake,576,2026-04-07 17:14:25.002906,2026-04-07 18:38:25.002906,,,,,
CHT5201,ORD1474,live chat,delayed_delivery,138,2026-02-21 23:52:44.829281,2026-02-22 00:50:44.829281,,,,,
CHT5202,ORD1726,email,wrong_order,577,2026-02-07 07:23:57.946372,2026-02-07 07:39:57.946372,,,,,
CHT5203,ORD1118,phone,wrong_order,367,2026-04-02 10:32:42.086290,2026-04-02 11:24:42.086290,,,,,
CHT5204,ORD1256,email,damaged_item,459,2026-04-09 18:13:16.248454,2026-04-09 19:05:16.248454,,-15.444647158165004,,,
CHT5205,ORD1604,phone,incorrect_charge,562,2026-03-01 00:49:06.473655,2026-03-01 01:35:06.473655,,,,,
CHT5206,ORD1158,email,order_not_received,557,2026-04-13 12:40:51.693429,2026-04-13 13:04:51.693429,,,,,
CHT5207,ORD1931,live chat,wrong_order,117,2026-04-10 15:23:01.120280,2026-04-10 16:15:01.120280,,,,,
CHT5208,ORD1030,phone,bought_by_mistake,253,2026-04-23 19:36:01.952260,2026-04-23 21:11:01.952260,,,,,
CHT5209,ORD1163,email,bought_by_mistake,209,2026-04-09 05:22:56.771401,2026-04-09 06:34:56.771401,,,,,
CHT5210,ORD1107,phone,damaged_item,25,2026-03-22 23:28:38.378058,2026-03-23 01:08:38.378058,,,,,
CHT5211,ORD1234,phone,order_not_received,144,2026-03-14 22:58:12.084913,2026-03-15 00:09:12.084913,,,,,
CHT5212,ORD1521,phone,wrong_order,476,2026-02-21 16:25:32.782283,2026-02-21 16:49:32.782283,,,,,
CHT5213,ORD1900,email,bought_by_mistake,385,2026-01-30 05:44:15.951793,2026-01-30 06:09:15.951793,,,,,
CHT5214,ORD1251,live chat,damaged_item,303,2026-01-30 23:09:14.275930,2026-01-30 23:20:14.275930,,,,,
CHT5215,ORD1711,email,bought_by_mistake,215,2026-02-23 14:32:38.338416,2026-02-23 16:08:38.338416,,,,,
CHT5216,ORD1951,email,bought_by_mistake,94,2026-03-20 19:45:54.263923,2026-03-20 20:13:54.263923,,,,,
CHT5217,ORD1040,email,incorrect_charge,567,2026-02-09 02:23:43.942627,2026-02-09 03:40:43.942627,,,,2.0,
CHT5218,ORD1446,live chat,order_not_received,391,2026-02-06 19:47:41.297412,2026-02-06 20:38:41.297412,,,,,
CHT5219,ORD1470,live chat,bought_by_mistake,303,2026-03-01 08:01:21.381006,2026-03-01 08:14:21.381006,,,,,
CHT5220,ORD1509,email,delayed_delivery,77,2026-01-27 06:20:59.124424,2026-01-27 06:57:59.124424,,,,,
CHT5221,ORD1812,live chat,damaged_item,484,2026-03-15 06:37:03.272633,2026-03-15 08:17:03.272633,,,,,
CHT5222,ORD1605,live chat,wrong_order,440,2026-02-21 21:59:23.912025,2026-02-21 22:18:23.912025,,,,,
CHT5223,ORD1770,email,incorrect_charge,236,2026-04-07 05:35:35.110278,2026-04-07 06:43:35.110278,,,,,
CHT5224,ORD1434,email,bought_by_mistake,268,2026-04-24 12:32:14.824003,2026-04-24 13:04:14.824003,,,,,
CHT5225,ORD1129,phone,incorrect_charge,507,2026-02-19 22:09:40.744489,2026-02-19 22:31:40.744489,,,,,
CHT5226,ORD1850,live chat,delayed_delivery,366,2026-04-10 17:47:18.073266,2026-04-10 19:01:18.073266,,,,,
CHT5227,ORD1699,live chat,delayed_delivery,443,2026-02-18 06:02:09.425690,2026-02-18 07:25:09.425690,,,,,
CHT5228,ORD1204,live chat,incorrect_charge,30,2026-02-17 11:28:12.443532,2026-02-17 12:31:12.443532,,,,,
CHT5229,ORD1699,email,incorrect_charge,274,2026-02-23 03:02:02.570756,2026-02-23 04:06:02.570756,,,,,
CHT5230,ORD1690,live chat,incorrect_charge,122,2026-04-22 08:30:07.976734,2026-04-22 08:47:07.976734,,,,,
CHT5231,ORD1086,phone,incorrect_charge,102,2026-02-04 06:39:50.005144,2026-02-04 07:14:50.005144,,,,,
CHT5232,ORD1948,live chat,delayed_delivery,312,2026-04-25 13:30:16.659717,2026-04-25 14:08:16.659717,,,,,
CHT5233,ORD1113,live chat,bought_by_mistake,152,2026-03-09 16:53:16.768835,2026-03-09 18:36:16.768835,,,,,
CHT5234,ORD1692,live chat,delayed_delivery,10,2026-04-24 14:34:04.982464,2026-04-24 14:48:04.982464,,,,,
CHT5235,ORD1353,live chat,damaged_item,323,2026-01-27 15:32:04.530939,2026-01-27 17:30:04.530939,,,,,
CHT5236,ORD1164,phone,bought_by_mistake,481,2026-04-08 21:26:47.148624,2026-04-08 23:24:47.148624,,,,,
CHT5237,ORD1307,live chat,bought_by_mistake,50,2026-01-28 03:09:34.613287,2026-01-28 04:20:34.613287,,,,,
CHT5238,ORD1682,phone,incorrect_charge,433,2026-04-05 15:20:09.515158,2026-04-05 16:24:09.515158,,,,,
CHT5239,ORD1004,phone,order_not_received,455,2026-03-24 11:47:21.578521,2026-03-24 11:54:21.578521,,,,,
CHT5240,ORD1424,email,damaged_item,287,2026-04-18 08:15:57.178585,2026-04-18 09:59:57.178585,,,,,
CHT5241,ORD1774,phone,delayed_delivery,553,2026-02-27 23:15:20.036883,2026-02-28 00:33:20.036883,,,,,
CHT5242,ORD1783,phone,bought_by_mistake,206,2026-03-28 22:27:37.299500,2026-03-28 23:14:37.299500,,,,,
CHT5243,ORD1454,email,damaged_item,556,2026-03-16 01:08:31.384733,2026-03-16 01:42:31.384733,,,,,
CHT5244,ORD1255,email,damaged_item,245,2026-04-17 02:49:17.102620,2026-04-17 03:01:17.102620,,,,,
CHT5245,ORD1308,live chat,bought_by_mistake,484,2026-03-30 11:18:25.142198,2026-03-30 13:05:25.142198,,,,,
CHT5246,ORD1505,email,damaged_item,166,2026-03-28 08:24:11.439320,2026-03-28 09:06:11.439320,,,,,
CHT5247,ORD1311,live chat,damaged_item,80,2026-04-19 07:58:41.396337,2026-04-19 09:13:41.396337,,,,,
CHT5248,ORD1655,phone,damaged_item,502,2026-03-09 20:43:09.307469,2026-03-09 21:11:09.307469,,,,,
CHT5249,ORD1873,email,bought_by_mistake,110,2026-02-24 14:05:27.018981,2026-02-24 15:59:27.018981,,,,,
CHT5250,ORD1902,email,order_not_received,323,2026-02-08 16:52:50.080337,2026-02-08 17:11:50.080337,,,,,
CHT5251,ORD1603,email,damaged_item,588,2026-03-16 04:46:18.943239,2026-03-16 06:29:18.943239,,,,,
CHT5252,ORD1075,phone,wrong_order,431,2026-02-06 04:28:21.307776,2026-02-06 06:12:21.307776,,,,,
CHT5253,ORD1307,phone,incorrect_charge,367,2026-02-20 03:10:42.964812,2026-02-20 03:29:42.964812,,,,,
CHT5254,ORD1497,email,incorrect_charge,513,2026-03-27 01:27:35.609712,2026-03-27 03:22:35.609712,,,,,
CHT5255,ORD1907,email,incorrect_charge,478,2026-02-13 01:08:04.269040,2026-02-13 01:41:04.269040,,,,5.0,
CHT5256,ORD1720,email,order_not_received,244,2026-02-04 14:09:17.710780,2026-02-04 15:58:17.710780,,,,,
CHT5257,ORD1393,live chat,delayed_delivery,221,2026-04-08 14:55:32.789858,2026-04-08 16:49:32.789858,,,,,
CHT5258,ORD1263,email,incorrect_charge,207,2026-02-06 14:12:26.424204,2026-02-06 15:38:26.424204,,,,,Others
CHT5259,ORD1347,live chat,order_not_received,437,2026-03-20 23:59:38.947498,2026-03-21 01:16:38.947498,,,,,
CHT5260,ORD1104,live chat,order_not_received,300,2026-03-10 14:53:16.561940,2026-03-10 16:26:16.561940,,,,,
CHT5261,ORD1968,phone,damaged_item,114,2026-03-18 14:36:28.294772,2026-03-18 15:36:28.294772,,,,,
CHT5262,ORD1707,phone,damaged_item,441,2026-02-04 13:24:06.864668,2026-02-04 13:36:06.864668,,,,,
CHT5263,ORD1767,email,incorrect_charge,271,2026-04-11 15:09:40.400672,2026-04-11 15:38:40.400672,,,,,
CHT5264,ORD1779,email,wrong_order,476,2026-04-08 15:20:11.072751,2026-04-08 15:40:11.072751,,,,,
CHT5265,ORD1597,phone,bought_by_mistake,96,2026-02-09 03:25:23.783951,2026-02-09 05:19:23.783951,,,,,
CHT5266,ORD1698,phone,delayed_delivery,595,2026-04-12 23:05:29.551666,2026-04-13 00:05:29.551666,,,,,
CHT5267,ORD1725,live chat,bought_by_mistake,159,2026-02-27 14:46:33.088456,2026-02-27 16:28:33.088456,,,,,
CHT5268,ORD1543,phone,delayed_delivery,229,2026-03-05 18:04:35.334409,2026-03-05 19:33:35.334409,,,,,
CHT5269,ORD1423,live chat,delayed_delivery,501,2026-02-22 18:52:10.402243,2026-02-22 19:31:10.402243,,,,,
CHT5270,ORD1513,email,incorrect_charge,223,2026-04-02 10:54:42.009700,2026-04-02 11:19:42.009700,,,,,
CHT5271,ORD1702,live chat,wrong_order,579,2026-03-22 07:15:23.075727,2026-03-22 07:55:23.075727,,,,,
CHT5272,ORD1073,phone,bought_by_mistake,341,2026-03-04 18:36:20.509863,2026-03-04 20:25:20.509863,,,,,
CHT5273,ORD1958,live chat,bought_by_mistake,383,2026-02-10 05:21:36.797605,2026-02-10 05:40:36.797605,,,,,
CHT5274,ORD1715,phone,bought_by_mistake,116,2026-03-30 14:38:04.058198,2026-03-30 16:11:04.058198,,,,,
CHT5275,ORD1631,email,incorrect_charge,404,2026-03-03 18:01:29.467136,2026-03-03 18:20:29.467136,,,,,
CHT5276,ORD1048,phone,incorrect_charge,66,2026-01-28 12:32:47.513603,2026-01-28 12:45:47.513603,,,,,
CHT5277,ORD1036,live chat,wrong_order,100,2026-02-14 07:14:05.176741,2026-02-14 08:54:05.176741,,,,,
CHT5278,ORD1018,email,incorrect_charge,445,2026-03-22 04:28:18.097556,2026-03-22 05:08:18.097556,,,,,
CHT5279,ORD1498,phone,delayed_delivery,406,2026-03-18 20:23:30.155660,2026-03-18 21:43:30.155660,,,,,
CHT5280,ORD1366,live chat,damaged_item,119,2026-02-13 09:38:55.663312,2026-02-13 11:26:55.663312,,,,,
CHT5281,ORD1900,phone,wrong_order,126,2026-03-25 16:22:02.818989,2026-03-25 17:37:02.818989,,,,,
CHT5282,ORD1983,live chat,delayed_delivery,462,2026-02-14 23:36:05.536709,2026-02-15 01:14:05.536709,,,,,
CHT5283,ORD1112,live chat,order_not_received,210,2026-02-04 20:49:08.174573,2026-02-04 21:49:08.174573,,,,,
CHT5284,ORD1088,phone,incorrect_charge,247,2026-04-22 00:07:32.855855,2026-04-22 01:49:32.855855,,,,,
CHT5285,ORD1331,email,damaged_item,262,2026-04-13 17:32:29.898026,2026-04-13 17:53:29.898026,,,,,
CHT5286,ORD1887,live chat,bought_by_mistake,318,2026-02-12 15:06:14.187499,2026-02-12 17:01:14.187499,,,,,
CHT5287,ORD1998,phone,wrong_order,488,2026-04-10 14:11:11.965307,2026-04-10 15:06:11.965307,,,,,
CHT5288,ORD1255,email,delayed_delivery,440,2026-04-21 01:56:33.696436,2026-04-21 03:22:33.696436,,,,,
CHT5289,ORD1281,email,wrong_order,443,2026-03-19 22:28:34.570290,2026-03-19 22:40:34.570290,,,,,
CHT5290,ORD1451,live chat,order_not_received,246,2026-02-05 14:12:06.947759,2026-02-05 15:55:06.947759,,,,,
CHT5291,ORD1519,email,wrong_order,188,2026-04-11 12:06:54.422267,2026-04-11 13:06:54.422267,,,,,
CHT5292,ORD1552,phone,wrong_order,200,2026-03-05 04:55:30.829938,2026-03-05 06:38:30.829938,,,,,
CHT5293,ORD1981,live chat,incorrect_charge,426,2026-02-12 14:06:50.057382,2026-02-12 15:55:50.057382,,,,,
CHT5294,ORD1714,live chat,incorrect_charge,307,2026-02-16 11:24:15.578554,2026-02-16 11:58:15.578554,,,,,
CHT5295,ORD1858,phone,damaged_item,418,2026-03-05 06:12:08.714323,2026-03-05 06:53:08.714323,,,,,
CHT5296,ORD1041,live chat,damaged_item,572,2026-03-10 09:15:06.152519,2026-03-10 09:26:06.152519,,,,,
CHT5297,ORD1498,phone,incorrect_charge,163,2026-04-12 18:06:43.897320,2026-04-12 18:51:43.897320,,,-41.33516786990486,,
CHT5298,ORD1780,email,incorrect_charge,545,2026-03-10 13:01:26.250488,2026-03-10 13:36:26.250488,,,,,
CHT5299,ORD1410,phone,order_not_received,144,2026-03-07 21:56:12.596241,2026-03-07 22:34:12.596241,,,,,
